ques_id,question,image_id,answer_type,question_type,gt_answer,base_pred,moe_pred,base_acc,moe_acc
2971475,What sport can you use this for?,297147,other,one,"['racing', 'racing', 'racing', 'racing', 'racing', 'racing', 'motocross', 'motocross', 'riding', 'riding']",motorcycle,race,0.0,100.0
3045575,Why might someone go to this place?,304557,other,seven,"['shopping', 'shopping', 'shopping', 'shopping', 'nyc', 'nyc', 'shop', 'shop', 'business', 'business']",shopping,shop,0.0,100.0
115115,Who designed the statues?,11511,other,other,"['artist', 'artist', 'artist', 'artist', 'guell', 'guell', 'toscano', 'toscano', 'aritect', 'aritect']",unknown,artist,0.0,100.0
1121605,Where might i buy a print that resembles this photo?,112160,other,seven,"['gallery', 'gallery', 'gallery', 'gallery', 'store', 'store', 'target', 'target', 'walmart', 'walmart']",online,walmart,0.0,60.0
1902045,How fast is the vehicle pictured capable of reaching?,190204,other,one,"['80 mph', '80 mph', '80 mph', '80 mph', '100 mph', '100 mph', '100 mph', '100 mph', '10mph', '10mph']",50 mph,80 mph,0.0,100.0
3763585,What are the white objects on this animals head called?,376358,other,eight,"['horns', 'horns', 'horns', 'horns', 'horns', 'horns', 'hornes', 'hornes', 'tusk', 'tusk']",horns,horn,0.0,100.0
3959785,Which airline has this insignia?,395978,other,one,"['kuwait airways', 'kuwait airways', 'kuwait airways', 'kuwait airways', 'united', 'united', 'delta', 'delta', 'twa', 'twa']",boeing,united,0.0,60.0
4071465,How many passengers can this plane accomodate?,407146,other,one,"['15', '15', '15', '15', '10', '10', '18', '18', '8', '8']",6,10,0.0,60.0
1365725,How do you turn this on?,136572,other,one,"['key', 'key', 'key', 'key', 'key', 'key', 'ignition', 'ignition', 'with key', 'with key']",start,key,0.0,100.0
2940305,What is the white cloud behind the jet called?,294030,other,one,"['contrail', 'contrail', 'contrail', 'contrail', 'cloud', 'cloud', 'contrails', 'contrails', 'supersonic wave', 'supersonic wave']",sun,contrail,0.0,100.0
5522215,What restaraunt is this at?,552221,other,five,"['pizzaria', 'pizzaria', 'pizzaria', 'pizzaria', 'pizzeria', 'pizzeria', 'pizza place', 'pizza place', 'italian', 'italian']",pizza,pizzeria,0.0,60.0
2264595,What do these animals generally eat?,226459,other,eight,"['mice', 'mice', 'mice', 'mice', 'insects', 'insects', 'eat leaves', 'eat leaves', 'bugs', 'bugs']",worm,insect,0.0,60.0
2921885,What other item is this company famous for manufacturing?,292188,other,one,"['tractors', 'tractors', 'tractors', 'tractors', 'tractors', 'tractors', 'trucks', 'trucks', 'vehicles', 'vehicles']",gun,truck,0.0,60.0
5132835,What kind of shakers are on the table?,513283,other,five,"['salt and pepper', 'salt and pepper', 'salt and pepper', 'salt and pepper', 'salt and pepper', 'salt and pepper', 'salt and pepper', 'salt and pepper', 'seasoning', 'seasoning']",pepper,salt and pepper,0.0,100.0
1474155,What is the lighing like?,147415,other,nine,"['dim', 'dim', 'dim', 'dim', 'indoor', 'indoor', 'bright', 'bright', 'dark', 'dark']",yellow,dim,0.0,100.0
1378035,What breed of horse is that?,137803,other,four,"['mustang', 'mustang', 'mustang', 'mustang', 'arabian', 'arabian', 'quarter horse', 'quarter horse', 'horses', 'horses']",stallion,arabian,0.0,60.0
433455,What sense is this animal known for?,43345,other,eight,"['smell', 'smell', 'smell', 'smell', 'smell', 'smell', 'smell', 'smell', 'smelling', 'smelling']",hearing,smell,0.0,100.0
3588835,How do we know that this bathroom is probably in a high rise building?,358883,other,other,"['view', 'view', 'view', 'view', 'window view', 'window view', 'there is skyscraper outside', 'there is skyscraper outside', 'view is high', 'view is high']",window,view,0.0,100.0
2678375,Who invented the sports equipment being used here?,267837,other,four,"['tom sims', 'tom sims', 'tom sims', 'tom sims', 'tom sims', 'tom sims', 'skateboarder', 'skateboarder', 'bob yasika', 'bob yasika']",jake burton,tom sim,0.0,100.0
4648575,Can you guess the drink brand name shown in this picture?,464857,other,other,"['jack daniels', 'jack daniels', 'jack daniels', 'jack daniels', 'coke', 'coke', 'budwieser', 'budwieser', 'franzia', 'franzia']",budweiser,coke,0.0,60.0
1184065,How did this man get in the air?,118406,other,four,"['jumped', 'jumped', 'jumped', 'jumped', 'jumped', 'jumped', 'jumped', 'jumped', 'soccer', 'soccer']",jump,soccer,0.0,60.0
71085,What is this animal known for?,7108,other,eight,"['trunk', 'trunk', 'trunk', 'trunk', 'peanuts', 'peanuts', 'circus', 'circus', 'ivory', 'ivory']",big ears,trunk,0.0,100.0
4347465,What is the name of the trick being performed?,434746,other,four,"['flip', 'flip', 'flip', 'flip', 'flip kick', 'flip kick', 'ollie', 'ollie', 'skateboard jumping', 'skateboard jumping']",jump,ollie,0.0,60.0
2866715,What normally can be seen crossing this?,286671,other,one,"['vehicles', 'vehicles', 'vehicles', 'vehicles', 'cars', 'cars', 'cars', 'cars', 'water', 'water']",boat,car,0.0,100.0
5283115,What is this workspace called?,528311,other,other,"['cubicle', 'cubicle', 'cubicle', 'cubicle', 'cubicle', 'cubicle', 'desk', 'desk', 'workstation', 'workstation']",office,cubicle,0.0,100.0
4191585,What type of cellphone are both women using?,419158,other,seven,"['flip phone', 'flip phone', 'flip phone', 'flip phone', 'flip phone', 'flip phone', 'flip', 'flip', 'flip', 'flip']",iphone,flip phone,0.0,100.0
3837775,What forms of transportation are there?,383777,other,one,"['biking', 'biking', 'bicycle and car', 'bicycle and car', 'bicycles cars', 'bicycles cars', 'bikes', 'bikes', 'bicycle', 'bicycle']",bike and car,bike,0.0,100.0
1656755,At which holiday would you traditionally eat this food?,165675,other,five,"['easter', 'easter', 'easter', 'easter', 'easter', 'easter', 'christmas', 'christmas', 'christmas', 'christmas']",thanksgiving,easter,0.0,100.0
991195,What type of occasion would warrant this behavior?,99119,other,four,"['vacation', 'vacation', 'vacation', 'vacation', 'vacation', 'vacation', 'vacation', 'vacation', 'vacation', 'vacation']",beach day,vacation,0.0,100.0
3441005,How is this beverage made?,344100,other,five,"['brewed', 'brewed', 'brewed', 'brewed', 'coffee maker', 'coffee maker', 'blender', 'blender', 'brewing', 'brewing']",coffee,brewed,0.0,100.0
5593885,What psychological benefits do these animals provide their owners?,559388,other,other,"['comfort', 'comfort', 'comfort', 'comfort', 'love', 'love', 'emotional support', 'emotional support', 'happiness', 'happiness']",stress relief,comfort,0.0,100.0
169585,Who painting the artwork hanging over the fireplace?,16958,other,three,"['artist', 'artist', 'artist', 'artist', 'painter', 'painter', 'owner', 'owner', 'thomas kinkade', 'thomas kinkade']",unknown,artist,0.0,100.0
5815575,What is that special shirt called?,581557,other,four,"['wet shirt', 'wet shirt', 'wet shirt', 'wet shirt', 'wetsuit', 'wetsuit', 'wetsuit', 'wetsuit', 'rash guard', 'rash guard']",billabong,wetsuit,0.0,100.0
3965435,Name the family or bread to which this dog belongs to?,396543,other,eight,"['boston terrier', 'boston terrier', 'boston terrier', 'boston terrier', 'boxer', 'boxer', 'boxer', 'boxer', 'pug', 'pug']",bulldog,boston terrier,0.0,100.0
1128185,How many calories per slice does this food contain?,112818,other,five,"['239', '239', '239', '239', '300', '300', '350', '350', '800', '800']",200,300,0.0,60.0
2517415,What breed is the horse?,251741,other,eight,"['bay', 'bay', 'bay', 'bay', 'thoroughbred', 'thoroughbred', 'appaloosa', 'appaloosa', 'mustang', 'mustang']",stallion,mustang,0.0,60.0
5304665,Who was the artist that painted this train car?,530466,other,other,"['banksy', 'banksy', 'banksy', 'banksy', 'van gogh', 'van gogh', 'graffiti', 'graffiti', 'street artist', 'street artist']",unknown,graffiti,0.0,60.0
5723995,Should you leave the toilet seat up like this photo or down?,572399,other,seven,"['down', 'down', 'down', 'down', 'down', 'down', 'down', 'down', 'leave it up', 'leave it up']",up,down,0.0,100.0
5758225,What store could you find this item?,575822,other,three,"['toy store', 'toy store', 'toy store', 'toy store', 'toy', 'toy', 'toy', 'toy', 'toys r us', 'toys r us']",toys r us,toy store,0.0,100.0
2213035,What device did these remotes often fly into?,221303,other,other,"['wall', 'wall', 'walls', 'walls', 'tv', 'tv', 'tvs', 'tvs', ""tv's"", ""tv's""]",television,tv,0.0,60.0
2029265,What types of birds are those present?,202926,other,eight,"['pelicans', 'pelicans', 'pelicans', 'pelicans', 'pelicans', 'pelicans', 'seagulls', 'seagulls', 'seagulls', 'seagulls']",pelicans,pelican,0.0,100.0
561585,What brain parasite is much more likely to infect owners of these animals?,56158,other,eight,"['toxoplasmosis', 'toxoplasmosis', 'toxoplasmosis', 'toxoplasmosis', 'toxoplasmosis', 'toxoplasmosis', 'worm', 'worm', 'small ones', 'small ones']",fleas,toxoplasmosis,0.0,100.0
1006245,What device is the woman talking into?,100624,other,other,"['cell phone', 'cell phone', 'cell phone', 'cell phone', 'cell phone', 'cell phone', 'cell', 'cell', 'cellphone', 'cellphone']",phone,cell phone,0.0,100.0
166065,What can this be used for?,16606,other,three,"['mousepad', 'mousepad', 'mousepad', 'mousepad', 'computer', 'computer', 'point and click', 'point and click', 'interacting with computer', 'interacting with computer']",mouse,computer,0.0,60.0
4196245,How fast do these trains go?,419624,other,one,"['50 mph', '50 mph', '50 mph', '50 mph', '140mph', '140mph', '80 mph', '80 mph', '100 mph', '100 mph']",fast,100 mph,0.0,60.0
3548295,Why did he leave his car next to a fire hydrant?,354829,other,one,"['negligence', 'negligence', 'raining', 'raining', 'park', 'park', 'quick stop', 'quick stop', 'parked', 'parked']",he didn't,parked,0.0,60.0
2454815,How do we know there may be a railroad nearby?,245481,other,one,"['sign', 'sign', 'sign', 'sign', 'sign', 'sign', 'sign', 'sign', 'sign', 'sign']",railroad sign,sign,0.0,100.0
4073555,What is the term for the kind of furniture in front of the mirror?,407355,other,other,"['ottoman', 'ottoman', 'ottoman', 'ottoman', 'ottaman', 'ottaman', 'foot rest', 'foot rest', 'futon', 'futon']",table,ottoman,0.0,100.0
868355,Do the occupants of this building receive their mail at their door or in a box along the street?,86835,other,seven,"['box', 'box', 'box', 'box', 'box', 'box', 'door', 'door', 'door', 'door']",mail box,box,0.0,100.0
3321595,What kind of omen is the cat on the right considered?,332159,other,eight,"['bad', 'bad', 'bad', 'bad', 'death', 'death', 'black', 'black', 'bad luck', 'bad luck']",black cat,bad,0.0,100.0
4295985,What common appliance is missing from this kitchen?,429598,other,seven,"['microwave', 'microwave', 'microwave', 'microwave', 'microwave', 'microwave', 'microwave', 'microwave', 'dishwasher', 'dishwasher']",oven,dishwasher,0.0,60.0
1144205,Is the bird in the picture a carnivore or herbivore?,114420,other,eight,"['herbivore', 'herbivore', 'herbivore', 'herbivore', 'herbivore', 'herbivore', 'herbivore', 'herbivore', 'herbivore', 'herbivore']",carnivore,herbivore,0.0,100.0
4780935,What company owns the airplane?,478093,other,one,"['star alliance', 'star alliance', 'star alliance', 'star alliance', 'star alliance', 'star alliance', 'delta', 'delta', 'american airlines', 'american airlines']",british airways,star alliance,0.0,100.0
2954265,Name the model of train shown in this picture?,295426,other,one,"['steam locomotive', 'steam locomotive', 'steam locomotive', 'steam locomotive', 'e2 class steam locomotive', 'e2 class steam locomotive', 'steam engine', 'steam engine', 'steam', 'steam']",locomotive,steam,0.0,60.0
4704235,What is the model of these motorcycles?,470423,other,one,"['harley davidson', 'harley davidson', 'harley davidson', 'harley davidson', 'cop model', 'cop model', 'bmw', 'bmw', 'honda', 'honda']",harley,harley davidson,0.0,100.0
5593125,Where are produce like these normally grown?,559312,other,seven,"['tropics', 'tropics', 'tropics', 'tropics', 'tropical areas', 'tropical areas', 'farm', 'farm', 'trees', 'trees']",in field,farm,0.0,60.0
698275,What company does this truck work for?,69827,other,one,"['waste management', 'waste management', 'waste management', 'waste management', 'garbate', 'garbate', 'tow company', 'tow company', 'ups', 'ups']",city,waste management,0.0,100.0
2793435,What is the primary purpose of the vehicles in this image?,279343,other,one,"['flying', 'flying', 'flying', 'flying', 'defense', 'defense', 'sightseeing', 'sightseeing', 'fly', 'fly']",war,fly,0.0,100.0
3586245,What is the property that allows images to be seen on an object's surface like the ornament's?,358624,other,three,"['reflection', 'reflection', 'reflection', 'reflection', 'reflection', 'reflection', 'reflection', 'reflection', 'reflective', 'reflective']",reflect,reflection,0.0,100.0
2092395,Khol is known for these?,209239,other,seven,"['sink', 'sink', 'sink', 'sink', 'sinks', 'sinks', 'sinks', 'sinks', 'kohl faucets', 'kohl faucets']",soap,sink,0.0,100.0
5807575,What is the colorful object used for?,580757,other,three,"['putting out fires', 'putting out fires', 'putting out fires', 'putting out fires', 'water', 'water', 'water', 'water', 'fire', 'fire']",fire hydrant,water,0.0,100.0
87715,What are some other popular activities to do here?,8771,other,four,"['sking sledding', 'sking sledding', 'skiing', 'skiing', 'ski', 'ski', 'snowboard', 'snowboard', 'skiing and snowmobiling', 'skiing and snowmobiling']",skiing,ski,0.0,100.0
2521015,How many people can fit inside the stadium in the photo?,252101,other,six,"['20000', '20000', '20000', '20000', 'tens of thousands', 'tens of thousands', 'lots', 'lots', 'hundred thousand', 'hundred thousand']",50000,lot,0.0,60.0
4202295,What is the name of the white device in the photo?,420229,other,five,"['slicer', 'slicer', 'slicer', 'slicer', 'apple slicer', 'apple slicer', 'corer', 'corer', 'apple corer', 'apple corer']",food processor,apple slicer,0.0,60.0
1544975,There are two girls in the forefront of this photo the one on the left has no type of pattern on her clothing but what design is on the girls on the right?,154497,other,seven,"['floral', 'floral', 'floral', 'floral', 'floral', 'floral', 'floral', 'floral', 'flowers', 'flowers']",flowers,flower,0.0,60.0
3597155,What is the complimentary color to the bike?,359715,other,one,"['silver', 'silver', 'silver', 'silver', 'black', 'black', 'grey', 'grey', 'red', 'red']",green,red,0.0,60.0
1746795,What type of boat is this?,174679,other,one,"['sail', 'sail', 'sail', 'sail', 'long', 'long', 'fishing', 'fishing', 'ski boat', 'ski boat']",sailboat,sail,0.0,100.0
219945,What do these animals eat?,21994,other,eight,"['plants', 'plants', 'plants', 'plants', 'vegitation', 'vegitation', 'vegetation', 'vegetation', 'vegetation such as grasses fruit plants tree bark roots and more', 'vegetation such as grasses fruit plants tree bark roots and more']",grass,plant,0.0,100.0
5607565,What do people do in this room?,560756,other,seven,"['relax', 'relax', 'relax', 'relax', 'relax', 'relax', 'sleep', 'sleep', 'hang out', 'hang out']",watch tv,relax,0.0,100.0
3187545,Who was the first company to make this type of glove?,318754,other,two,"['rawlings', 'rawlings', 'rawlings', 'rawlings', 'wilson', 'wilson', 'wilson', 'wilson', 'spalding', 'spalding']",london,wilson,0.0,100.0
3572295,How is this made?,357229,other,five,"['in oven', 'in oven', 'in oven', 'in oven', 'in oven', 'in oven', 'baked', 'baked', 'baked', 'baked']",oven,baked,0.0,100.0
1132465,What are the glass doors called?,113246,other,three,"['french doors', 'french doors', 'french doors', 'french doors', 'french doors', 'french doors', 'bifold', 'bifold', 'french', 'french']",door,french,0.0,60.0
1535705,Can you guess the sea name shown in this picture?,153570,other,four,"['pacific ocean', 'pacific ocean', 'pacific ocean', 'pacific ocean', 'mediterranean', 'mediterranean', 'pacific', 'pacific', 'baltic', 'baltic']",atlantic,pacific,0.0,60.0
1818735,What direction is the skiier going?,181873,other,four,"['downhill', 'downhill', 'downhill', 'downhill', 'downhill', 'downhill', 'downhill', 'downhill', 'sideways', 'sideways']",down,downhill,0.0,100.0
3265825,How fast can these planes fly?,326582,other,one,"['1000 mph', '1000 mph', '1000 mph', '1000 mph', 'speed of sound', 'speed of sound', 'very fast', 'very fast', '50 mph', '50 mph']",500 mph,1000 mph,0.0,100.0
1859435,What pollutants do these vehicles emit?,185943,other,one,"['carbon monoxide', 'carbon monoxide', 'carbon monoxide', 'carbon monoxide', 'co2', 'co2', 'co2', 'co2', 'carbon dioxide', 'carbon dioxide']",smoke,carbon monoxide,0.0,100.0
4117275,When was this computer purchased?,411727,other,other,"['2008', '2008', '2008', '2008', 'today', 'today', '2006', '2006', '2002', '2002']",2005,2008,0.0,100.0
2233745,How valuable are these collectibles?,223374,other,three,"['not valuable', 'not valuable', 'not valuable', 'not valuable', '$100', '$100', 'very', 'very', 'not at all', 'not at all']",not much,not valuable,0.0,100.0
3479365,What celebration are these desserts for?,347936,other,five,"[""valentine's day"", ""valentine's day"", 'valentines day', 'valentines day', 'birthday', 'birthday', 'halloween', 'halloween', 'valentines', 'valentines']",wedding,birthday,0.0,60.0
5358215,What is this animal known for?,535821,other,eight,"['riding', 'riding', 'riding', 'riding', 'riding', 'riding', 'farming', 'farming', 'travel', 'travel']",run fast,ride,0.0,100.0
2454535,Who did this in the rain in the name of science?,245453,other,other,"['benjamin franklin', 'benjamin franklin', 'benjamin franklin', 'benjamin franklin', 'einstien', 'einstien', 'edison', 'edison', 'ben franklin', 'ben franklin']",galileo,ben franklin,0.0,60.0
4124555,What century is this?,412455,other,six,"['20th', '20th', '20th', '20th', '20th', '20th', '1950s', '1950s', '1900', '1900']",19th,20th,0.0,100.0
4260615,How do you know the train is working?,426061,other,one,"['smoke', 'smoke', 'smoke', 'smoke', 'smoke', 'smoke', 'moving', 'moving', 'you can see smoke coming from enginr', 'you can see smoke coming from enginr']",engine,smoke,0.0,100.0
4060505,What city is this?,406050,other,one,"['new york city', 'new york city', 'new york city', 'new york city', 'nyc', 'nyc', 'atlanta', 'atlanta', 'new york', 'new york']",chicago,new york,0.0,60.0
5493995,Who famously rode one of these in easy rider?,549399,other,one,"['peter fonda', 'peter fonda', 'peter fonda', 'peter fonda', 'brad', 'brad', 'dennis hopper', 'dennis hopper', 'james dean', 'james dean']",harley davidson,peter fonda,0.0,100.0
3791085,Is this a method of trasportation for her or is it simply for recreational purposes?,379108,other,other,"['recreational', 'recreational', 'recreational', 'recreational', 'recreational', 'recreational', 'recreation', 'recreation', 'both', 'both']",transportation,recreational,0.0,100.0
2189885,What kind of harmful physiological effects does the depicted appliance have on a consumer's health?,218988,other,other,"['radiation', 'radiation', 'radiation', 'radiation', 'hurt eyes', 'hurt eyes', 'radation', 'radation', 'headaches', 'headaches']",none,radiation,0.0,100.0
4038175,What makes this animal raise its head?,403817,other,eight,"['noise', 'noise', 'noise', 'noise', 'noises', 'noises', 'something that has its attention', 'something that has its attention', 'lights', 'lights']",smell,noise,0.0,100.0
330735,Who invented this mode of transportation?,33073,other,other,"['blaise pascal', 'blaise pascal', 'blaise pascal', 'blaise pascal', 'germans', 'germans', 'henry ford', 'henry ford', 'woman', 'woman']",monk,henry ford,0.0,60.0
799205,Can you guess the model of tv shown in this picture?,79920,other,two,"['samsung', 'samsung', 'samsung', 'samsung', 'samsung', 'samsung', 'samsung', 'samsung', 'lg', 'lg']",sony,lg,0.0,60.0
310495,What breed of dog is shown in the picture?,31049,other,eight,"['labrador', 'labrador', 'labrador', 'labrador', 'labrador', 'labrador', 'golden retriever', 'golden retriever', 'golden retriever', 'golden retriever']",retriever,golden retriever,0.0,100.0
239815,What are these animals famous for?,23981,other,eight,"['stripes', 'stripes', 'stripes', 'stripes', 'stripes', 'stripes', 'having stripes', 'having stripes', 'their stripes', 'their stripes']",stripes,stripe,0.0,100.0
2120585,What is the brand of the hair dryer?,212058,other,two,"['conair', 'conair', 'conair', 'conair', 'conair', 'conair', 'conair', 'conair', 'conair', 'conair']",ion,conair,0.0,100.0
804555,Who built this snowman?,80455,other,five,"['child', 'child', 'child', 'child', 'kids', 'kids', 'family', 'family', 'human', 'human']",person,child,0.0,100.0
4560535,What sort of infrastructure is required to support this method of transportation?,456053,other,one,"['rails', 'rails', 'rails', 'rails', 'railways', 'railways', 'tracks', 'tracks', 'train tracks', 'train tracks']",tracks,track,0.0,60.0
152595,What type of flowers are pictured?,15259,other,eight,"['wisteria', 'wisteria', 'hyacinth', 'hyacinth', 'lilac', 'lilac', 'lilacs', 'lilacs', 'purple', 'purple']",lilacs,lilac,0.0,100.0
3486545,What type of technological device is this?,348654,other,nine,"['phone', 'phone', 'phone', 'phone', 'smart phone', 'smart phone', 'smartphone', 'smartphone', 'cellphone', 'cellphone']",iphone,phone,0.0,100.0
5427775,How is this side dish made?,542777,other,five,"['fried', 'fried', 'fried', 'fried', 'fried', 'fried', 'fried', 'fried', 'oven', 'oven']",onion rings,fried,0.0,100.0
266115,How are the carrots cook?,26611,other,five,"['boiled', 'boiled', 'boiled', 'boiled', 'boil', 'boil', 'on stove', 'on stove', 'steamed', 'steamed']",boiling,boiled,0.0,100.0
3770975,In what american city was this company founded?,377097,other,five,"['chicago', 'chicago', 'chicago', 'chicago', 'seattle', 'seattle', 'cleveland', 'cleveland', 'new york', 'new york']",boston,new york,0.0,60.0
4727325,What are the people who guard these animals called?,472732,other,eight,"['cowboys', 'cowboys', 'shepherd', 'shepherd', 'shepherds', 'shepherds', 'farmers', 'farmers', 'herders', 'herders']",cowboys,cowboy,0.0,60.0
3795805,What is the style of brick on the wall?,379580,other,seven,"['stone', 'stone', 'stone', 'stone', 'stucco', 'stucco', 'english bond', 'english bond', 'sand', 'sand']",old,stone,0.0,100.0
5686755,How long does it take to fry the food item shown?,568675,other,five,"['3 minutes', '3 minutes', '3 minutes', '3 minutes', '5 minutes', '5 minutes', '3 5 minutes', '3 5 minutes', '2 to 3 minutes', '2 to 3 minutes']",2 minutes,5 minutes,0.0,60.0
3913005,Which brand of car is shown in this picture?,391300,other,one,"['station wagon', 'station wagon', 'station wagon', 'station wagon', 'chevy', 'chevy', 'desoto', 'desoto', 'ford', 'ford']",volkswagen,ford,0.0,60.0
1898115,What kind of plant is on this dish?,189811,other,five,"['spinach', 'spinach', 'spinach', 'spinach', 'parsley', 'parsley', 'celery', 'celery', 'basil', 'basil']",arugula,spinach,0.0,100.0
2943705,What kind of signs are these?,294370,other,one,"['street', 'street', 'street', 'street', 'street', 'street', 'street', 'street', 'traffic', 'traffic']",street signs,street,0.0,100.0
1881925,Who owns these three things?,188192,other,two,"['man', 'man', 'man', 'man', 'business men', 'business men', 'businessman', 'businessman', 'rich people', 'rich people']",person,man,0.0,100.0
5562485,What is a water source called in this environment?,556248,other,ten,"['oasis', 'oasis', 'oasis', 'oasis', 'oasis', 'oasis', 'oasis', 'oasis', 'ocean', 'ocean']",lake,ocean,0.0,60.0
1046695,What sort of garnish should be added to this dish to make it more appetizing?,104669,other,five,"['parsley', 'parsley', 'parsley', 'parsley', 'parsley', 'parsley', 'parsley', 'parsley', 'red pepper', 'red pepper']",salt,parsley,0.0,100.0
5304615,What piece of apparel holds a tiny version of the item on the pole?,530461,other,three,"['watch', 'watch', 'watch', 'watch', 'watch', 'watch', 'watch band', 'watch band', 'rolex', 'rolex']",clock,watch,0.0,100.0
4637715,What type of apples is the woman using in this recipe?,463771,other,five,"['granny smith', 'granny smith', 'granny smith', 'granny smith', 'granny smith', 'granny smith', 'green apples', 'green apples', 'sour', 'sour']",green,granny smith,0.0,100.0
3266585,What can this be used for?,326658,other,three,"['crafts', 'crafts', 'crafts', 'crafts', 'poster', 'poster', 'writing', 'writing', 'drawing', 'drawing']",cutting,craft,0.0,100.0
1974995,What year did the company advertising on the side of this bag open for business?,197499,other,five,"['1936', '1936', '1936', '1936', '1970', '1970', '1950', '1950', '1976', '1976']",1955,1950,0.0,60.0
4132755,Which of those trucks can carry the most weight?,413275,other,one,"['right', 'right', 'right', 'right', '1 on right', '1 on right', 'blue 1', 'blue 1', 'left', 'left']",blue,left,0.0,60.0
1933805,What is this location called?,193380,other,one,"['dock', 'dock', 'dock', 'dock', 'docks', 'docks', 'seattle', 'seattle', 'harbor', 'harbor']",marina,dock,0.0,100.0
2261715,Which of the two liquid receptacles on the desk would be better for holding a hot drink?,226171,other,two,"['cup', 'cup', 'cup', 'cup', 'cup', 'cup', 'mug', 'mug', 'coffee cup', 'coffee cup']",left,mug,0.0,60.0
2350935,What direction is the wind from?,235093,other,ten,"['right', 'right', 'right', 'right', 'east', 'east', 'north', 'north', 'south east', 'south east']",west,east,0.0,60.0
4255265,How might this be prepared?,425526,other,five,"['fried', 'fried', 'fried', 'fried', 'fried', 'fried', 'pan', 'pan', 'frypan', 'frypan']",grilled,fried,0.0,100.0
990535,What other sauces are popular with this dish?,99053,other,five,"['soy', 'soy', 'soy', 'soy', 'soy sauce', 'soy sauce', 'plum sauce', 'plum sauce', 'soy teriyaki', 'soy teriyaki']",hoisin,soy sauce,0.0,60.0
3479825,When was this mode of transportation invented?,347982,other,one,"['1817', '1817', '1817', '1817', '1800', '1800', '1800', '1800', '19th century', '19th century']",1885,1817,0.0,100.0
3727945,What kind of car is this?,372794,other,one,"['sedan', 'sedan', 'sedan', 'sedan', 'toyota', 'toyota', '4 door sedan', '4 door sedan', 'ford', 'ford']",honda,sedan,0.0,100.0
1026655,How tall are these animals?,102665,other,eight,"['20 feet', '20 feet', '20 feet', '20 feet', '9 feet tall', '9 feet tall', '12 feet', '12 feet', '18 feet', '18 feet']",very tall,20 feet,0.0,100.0
1257825,What is on the outside of these pastries?,125782,other,five,"['sugar', 'sugar', 'sugar', 'sugar', 'sugar', 'sugar', 'powdered sugar', 'powdered sugar', 'powdered sugar', 'powdered sugar']",glaze,sugar,0.0,100.0
1073065,What would be used to propel these boats?,107306,other,one,"['paddle', 'paddle', 'paddle', 'paddle', 'oar', 'oar', 'oars', 'oars', 'wooden paddles', 'wooden paddles']",oars,oar,0.0,100.0
1382715,What is this machine used for?,138271,other,two,"['toasting bagels', 'toasting bagels', 'toasting bread', 'toasting bread', 'cooking', 'cooking', 'toasting', 'toasting', 'toast', 'toast']",cooking,cook,0.0,60.0
4426675,What is the purpose of the vehicle in the front?,442667,other,one,"['towing', 'towing', 'towing', 'towing', 'towing', 'towing', 'towing', 'towing', 'towing', 'towing']",towing,tow,0.0,100.0
2142935,What part of the body is the orange vegetable good for?,214293,other,five,"['eyes', 'eyes', 'eyes', 'eyes', 'eyes', 'eyes', 'eyes', 'eyes', 'eyes', 'eyes']",teeth,eye,0.0,100.0
1137015,This bedspread can go by a different cozy sounding name called what?,113701,other,three,"['comforter', 'comforter', 'comforter', 'comforter', 'comforter', 'comforter', 'comforter', 'comforter', 'quilt', 'quilt']",blanket,comforter,0.0,100.0
602025,What kind of dog is this?,60202,other,eight,"['sheep dog', 'sheep dog', 'sheep dog', 'sheep dog', 'sheep dog', 'sheep dog', 'terier', 'terier', 'mutt', 'mutt']",border collie,mutt,0.0,60.0
2986225,How do i adjust the volume?,298622,other,nine,"['knob', 'knob', 'knob', 'knob', 'turn knob', 'turn knob', 'turn knob', 'turn knob', 'turn middle knob', 'turn middle knob']",button,knob,0.0,100.0
450705,What gait is the horse traveling at?,45070,other,seven,"['slow', 'slow', 'slow', 'slow', 'canter', 'canter', '10', '10', 'trot', 'trot']",walk,trot,0.0,60.0
2473175,What type of event do these ladies seem to be at?,247317,other,five,"['tea time', 'tea time', 'tea time', 'tea time', 'lunch', 'lunch', 'prayer', 'prayer', 'dinner', 'dinner']",tea,dinner,0.0,60.0
3598555,What is the object used for?,359855,other,seven,"['storage', 'storage', 'storage', 'storage', 'storing', 'storing', 'travel', 'travel', 'clothes', 'clothes']",luggage,travel,0.0,60.0
3429295,Where did this sport originate?,342929,other,other,"['australia', 'australia', 'australia', 'australia', 'hawaii', 'hawaii', 'hawaii', 'hawaii', 'polynesian', 'polynesian']",california,hawaii,0.0,100.0
2023295,What is the spanish word for the word on the sign in the photo?,202329,other,one,"['detener', 'detener', 'detener', 'detener', 'halt', 'halt', 'arrete', 'arrete', 'stop', 'stop']",parar,stop,0.0,60.0
4737745,Is this food high or low on fat?,473774,other,five,"['high', 'high', 'high', 'high', 'high', 'high', 'high', 'high', 'high', 'high']",low,high,0.0,100.0
1858075,What kind of cereal is this baby eating?,185807,other,five,"['cheerios', 'cheerios', 'cheerios', 'cheerios', 'cheerios', 'cheerios', 'cheerios', 'cheerios', 'gross', 'gross']",cheerios,cheerio,0.0,100.0
1421895,What u s toy store is this image associated with?,142189,other,eight,"['toys r us', 'toys r us', 'toys r us', 'toys r us', 'toys r us', 'toys r us', 'toys r us', 'toys r us', ""toys 'r' us"", ""toys 'r' us""]",toys r us,toy r us,0.0,100.0
4206105,What is this display of food typically called?,420610,other,five,"['buffet', 'buffet', 'buffet', 'buffet', 'buffet', 'buffet', 'buffet', 'buffet', 'bbq', 'bbq']",barbecue,buffet,0.0,100.0
202685,What copyrighted heatproof material is the measuring cup made from?,20268,other,two,"['pyrex', 'pyrex', 'pyrex', 'pyrex', 'pyrex', 'pyrex', 'pyrex', 'pyrex', 'glass', 'glass']",plastic,glass,0.0,60.0
1530385,Who operates this kind of transporation?,153038,other,one,"['pilot', 'pilot', 'pilot', 'pilot', 'pilot', 'pilot', 'piliot', 'piliot', 'people', 'people']",military,pilot,0.0,100.0
4571315,What spacecraft launch is this?,457131,other,ten,"['shuttle', 'shuttle', 'shuttle', 'shuttle', '1 of them', '1 of them', 'space shuttle', 'space shuttle', 'apollo', 'apollo']",satellite,space shuttle,0.0,60.0
4646825,What kind of sandwich is this?,464682,other,five,"['reuben', 'reuben', 'reuben', 'reuben', 'reuben', 'reuben', 'roastbeef', 'roastbeef', 'pastrami', 'pastrami']",corned beef,reuben,0.0,100.0
1193085,How did this boy get in the air?,119308,other,four,"['jumped', 'jumped', 'jumped', 'jumped', 'wind', 'wind', 'off skate ramp', 'off skate ramp', 'leapt', 'leapt']",skateboard,jumped,0.0,100.0
3685595,What kind of bus is that?,368559,other,one,"['delivery', 'delivery', 'delivery', 'delivery', 'delivery bus', 'delivery bus', 'mail bus', 'mail bus', 'ice cream truck', 'ice cream truck']",food truck,delivery,0.0,100.0
5073185,What type of fruit has the starburst center?,507318,other,five,"['kiwi', 'kiwi', 'kiwi', 'kiwi', 'kiwi', 'kiwi', 'kiwi', 'kiwi', 'kiwi', 'kiwi']",strawberry,kiwi,0.0,100.0
613155,What is this pizza crust made out of?,61315,other,five,"['dough', 'dough', 'dough', 'dough', 'dough', 'dough', 'dough', 'dough', 'dough', 'dough']",flour,dough,0.0,100.0
4355695,What made the giraffe to bend its neck down?,435569,other,eight,"['drinking water', 'drinking water', 'drinking water', 'drinking water', 'water', 'water', 'water', 'water', 'drinking', 'drinking']",zebra,water,0.0,100.0
3734405,What kind of shop are these bears being sold in?,373440,other,two,"['gift shop', 'gift shop', 'gift shop', 'gift shop', 'gift shop', 'gift shop', 'airport gift shop', 'airport gift shop', 'toy', 'toy']",travel,toy,0.0,60.0
2994935,What is this vehicle used for?,299493,other,one,"['transportation', 'transportation', 'transportation', 'transportation', 'transportation', 'transportation', 'public transportation', 'public transportation', 'transporation', 'transporation']",transport,transportation,0.0,100.0
195445,How much electricity does this machine require?,19544,other,other,"['lot', 'lot', 'lot', 'lot', '120 kw', '120 kw', '10 watts per hour', '10 watts per hour', 'watts', 'watts']",little,lot,0.0,100.0
3169955,What profession does this man have?,316995,other,four,"['surfer', 'surfer', 'surfer', 'surfer', 'professor', 'professor', 'lifegaurd', 'lifegaurd', 'surf instructor', 'surf instructor']",lifeguard,surfer,0.0,100.0
1759945,During the great depression homeless people that hitched rides on this were said to be riding what?,175994,other,one,"['free', 'free', 'coach', 'coach', 'hobo', 'hobo', 'rails', 'rails', 'rail', 'rail']",freight train,hobo,0.0,60.0
331165,What are some of the more usual colors for courts where this game is played?,33116,other,four,"['green', 'green', 'green', 'green', 'green', 'green', 'green', 'green', 'green and maroon', 'green and maroon']",blue,green,0.0,100.0
5771825,Which oscar winning movie prominently features a character sitting on one of these?,577182,other,six,"['forest gump', 'forest gump', 'forest gump', 'forest gump', 'forest gump', 'forest gump', 'forest gump', 'forest gump', 'forrest gump', 'forrest gump']",bird,forrest gump,0.0,60.0
118875,What is the three whelled vehicle in the picture called?,11887,other,one,"['tricycle', 'tricycle', 'tricycle', 'tricycle', 'slingshot', 'slingshot', 'moped', 'moped', 'trike', 'trike']",motorcycle,trike,0.0,60.0
2426105,In which type of room facility is this young man standing in?,242610,other,other,"['dorm', 'dorm', 'dorm', 'dorm', 'dorm', 'dorm', 'dorm room', 'dorm room', 'bedroom', 'bedroom']",dormitory,dorm,0.0,100.0
5650315,What are these commonly building?,565031,other,three,"['skyscraper', 'skyscraper', 'skyscrapers', 'skyscrapers', 'office', 'office', 'buildings', 'buildings', 'high rise', 'high rise']",houses,skyscraper,0.0,100.0
239955,What does the train carry?,23995,other,one,"['goods', 'goods', 'goods', 'goods', 'goods', 'goods', 'cargo', 'cargo', 'cargo', 'cargo']",coal,cargo,0.0,100.0
3127465,What type of camera filter is this called?,312746,other,three,"['sepia', 'sepia', 'sepia', 'sepia', 'light', 'light', 'instagram', 'instagram', 'sephia', 'sephia']",polaroid,sepia,0.0,100.0
378825,The batter here plays for what professional team?,37882,other,four,"['mets', 'mets', 'mets', 'mets', 'mets', 'mets', 'red sox', 'red sox', 'braves', 'braves']",mets,met,0.0,100.0
2078985,How many calories does the orange fruit have?,207898,other,five,"['20', '20', '20', '20', '80', '80', '45', '45', '100', '100']",60,100,0.0,60.0
5420955,What is the brand name of this place?,542095,other,two,"['hilton', 'hilton', 'hilton', 'hilton', 'hotel', 'hotel', 'hyatt', 'hyatt', 'w hotels', 'w hotels']",holiday inn express,hilton,0.0,100.0
3007255,What would you feed this?,300725,other,eight,"['seeds', 'seeds', 'seeds', 'seeds', 'seeds', 'seeds', 'seeds', 'seeds', 'seeds', 'seeds']",bread,seed,0.0,100.0
2053005,What brand motorcycle is the man riding on?,205300,other,one,"['honda', 'honda', 'honda', 'honda', 'ducati', 'ducati', 'mitsubishi', 'mitsubishi', 'aprillia', 'aprillia']",ktm,honda,0.0,100.0
3985675,What type of computer user fits this desk's layout?,398567,other,other,"['student', 'student', 'student', 'student', 'programmer', 'programmer', 'desktop', 'desktop', 'gamer', 'gamer']",beginner,gamer,0.0,60.0
4103505,What type of resturaunt are these cooks at?,410350,other,other,"['hibachi', 'hibachi', 'hibachi', 'hibachi', 'japanese', 'japanese', 'oriental', 'oriental', 'japanese steakhouse', 'japanese steakhouse']",sushi,japanese,0.0,60.0
5601785,What family does this vegetable belong to?,560178,other,five,"['carrot', 'carrot', 'carrot', 'carrot', 'berries', 'berries', 'root', 'root', 'potato', 'potato']",radish,carrot,0.0,100.0
1558735,What type of flowers are in the picture?,155873,other,eight,"['daisies', 'daisies', 'daisies', 'daisies', 'dandelion', 'dandelion', 'white', 'white', 'daisy', 'daisy']",daisies,daisy,0.0,100.0
1970045,What kind of meat is inside the bread?,197004,other,five,"['bbq', 'bbq', 'bbq', 'bbq', 'roast beef', 'roast beef', 'lamb', 'lamb', 'beef', 'beef']",chicken,beef,0.0,60.0
2337715,The colored object in this photo depicts a symbol of which country?,233771,other,six,"['britain', 'britain', 'britain', 'britain', 'britian', 'britian', 'great britian', 'great britian', 'uk', 'uk']",england,britain,0.0,100.0
5204335,Is this legal or illegal?,520433,other,one,"['illegal', 'illegal', 'illegal', 'illegal', 'illegal', 'illegal', 'illegal', 'illegal', 'illegal', 'illegal']",legal,illegal,0.0,100.0
5812055,What style are the eggs on the plate cooked?,581205,other,five,"['hard boiled', 'hard boiled', 'hard boiled', 'hard boiled', 'benedict', 'benedict', 'benedict', 'benedict', 'poached', 'poached']",over easy,benedict,0.0,100.0
3136475,When the batter strategically taps the ball like this it's called a what?,313647,other,four,"['bunt', 'bunt', 'bunt', 'bunt', 'bunt', 'bunt', 'bunt', 'bunt', 'batting', 'batting']",home run,bunt,0.0,100.0
4093455,The kids on skateboards are wearing what kind of safety gear?,409345,other,four,"['helmets', 'helmets', 'helmets', 'helmets', 'helmets', 'helmets', 'helmet', 'helmet', 'helmets and kneepads', 'helmets and kneepads']",none,helmet,0.0,100.0
1461935,What regions are this activity typically done in?,146193,other,six,"['tropical', 'tropical', 'tropical', 'tropical', 'tropics', 'tropics', 'pacific', 'pacific', 'oceans', 'oceans']",california,ocean,0.0,60.0
1323285,At the end of which movie featuring dick van dyke does this activity occur?,132328,other,four,"['mary poppins', 'mary poppins', 'mary poppins', 'mary poppins', 'mary poppins', 'mary poppins', 'charade', 'charade', ""let's go fly kite"", ""let's go fly kite""]",chitty chitty bang bang,mary poppins,0.0,100.0
2521375,What vegetables should i eat everyday?,252137,other,five,"['carrots', 'carrots', 'carrots', 'carrots', 'carrots', 'carrots', 'carrot', 'carrot', 'carrot', 'carrot']",carrots,carrot,0.0,100.0
3893155,What genre are these books?,389315,other,three,"['fiction', 'fiction', 'fiction', 'fiction', 'romance', 'romance', 'thriller', 'thriller', 'history', 'history']",mystery,fiction,0.0,100.0
761385,What vitamins does this vegetable contain?,76138,other,five,"['vitamin c', 'vitamin c', 'vitamin c', 'vitamin c', 'vitamin e', 'vitamin e', 'vitamin', 'vitamin', 'd', 'd']",k,vitamin c,0.0,100.0
921775,How long would it usually take to bake this kind of cake?,92177,other,five,"['2 hours', '2 hours', '2 hours', '2 hours', '2 3 hours', '2 3 hours', '50 minutes', '50 minutes', '1 hour', '1 hour']",30 minutes,1 hour,0.0,60.0
1898455,What kind of shoes are in this picture?,189845,other,three,"['wedges', 'wedges', 'wedges', 'wedges', 'wedges', 'wedges', 'heels', 'heels', 'sandal pumps', 'sandal pumps']",wedges,wedge,0.0,100.0
1582795,What is she making?,158279,other,five,"['banana bread', 'banana bread', 'banana bread', 'banana bread', 'mashed bananas', 'mashed bananas', 'mashed bananas', 'mashed bananas', 'banana', 'banana']",banana pudding,banana bread,0.0,100.0
1745115,Where would you find these items?,174511,other,other,"['office', 'office', 'office', 'office', 'office', 'office', 'desk', 'desk', 'office or home', 'office or home']",home,desk,0.0,60.0
1814035,What kind of material are these short made from?,181403,other,three,"['denim', 'denim', 'denim', 'denim', 'denim', 'denim', 'denim', 'denim', 'cotton', 'cotton']",ties,denim,0.0,100.0
969885,What does this train carry?,96988,other,one,"['people', 'people', 'people', 'people', 'people', 'people', 'people', 'people', 'coal', 'coal']",cargo,people,0.0,100.0
4324295,What color is the ball for the sport being shown is?,432429,other,four,"['green', 'green', 'green', 'green', 'green', 'green', 'green', 'green', 'white', 'white']",yellow,green,0.0,100.0
4516935,What ingredient in this picture is used for cocktails?,451693,other,five,"['olives', 'olives', 'olives', 'olives', 'olive', 'olive', 'olive', 'olive', 'pimento olive', 'pimento olive']",alcohol,olive,0.0,100.0
184125,What type of tool is she using for her hair?,18412,other,three,"['brush', 'brush', 'brush', 'brush', 'brush', 'brush', 'brush', 'brush', 'brush', 'brush']",comb,brush,0.0,100.0
131485,What company do the men behind the bottles represent?,13148,other,two,"['catalunya', 'catalunya', 'catalunya', 'catalunya', 'wine connoisseur', 'wine connoisseur', 'cataluaya', 'cataluaya', 'catalnya', 'catalnya']",wine,catalunya,0.0,100.0
4503575,What makes it look like two people are here?,450357,other,six,"['mirror', 'mirror', 'mirror', 'mirror', 'mirror', 'mirror', 'mirror', 'mirror', 'mirror', 'mirror']",reflection,mirror,0.0,100.0
5026305,Why does this animal not have to compete with most other grazers in its habitat?,502630,other,eight,"['long neck', 'long neck', 'long neck', 'long neck', 'height', 'height', 'its adapting', 'its adapting', 'eat', 'eat']",tall,long neck,0.0,100.0
2237665,What profession is this an example of?,223766,other,eight,"['farming', 'farming', 'farming', 'farming', 'farming', 'farming', 'farming', 'farming', 'farmer', 'farmer']",cowboy,farmer,0.0,60.0
1258155,How old is this train?,125815,other,one,"['100 years', '100 years', '100 years', '100 years', '100 years', '100 years', '50 years', '50 years', '1900s', '1900s']",old,100 years,0.0,100.0
2288675,Where can you buy this type of furniture?,228867,other,other,"['furniture store', 'furniture store', 'furniture store', 'furniture store', 'store', 'store', 'store', 'store', 'ikea', 'ikea']",antique store,store,0.0,100.0
1258065,What type of cows are these?,125806,other,eight,"['black angus', 'black angus', 'black angus', 'black angus', 'angus', 'angus', 'beef', 'beef', 'dairy', 'dairy']",jersey,dairy,0.0,60.0
765295,What nutrient is associated with the fruit seen here?,76529,other,five,"['potassium', 'potassium', 'potassium', 'potassium', 'potassium', 'potassium', 'anti oxidant', 'anti oxidant', 'vitamin b6 and potassium', 'vitamin b6 and potassium']",calcium,potassium,0.0,100.0
3662955,What are the long objects hanging off of these animals called?,366295,other,eight,"['trunks', 'trunks', 'trunks', 'trunks', 'trunks', 'trunks', 'trunks', 'trunks', 'trunk', 'trunk']",tusk,trunk,0.0,100.0
4612755,What derogatory word does one of these signs bring to mind?,461275,other,other,"['crap', 'crap', 'crap', 'crap', 'crap', 'crap', 'crap', 'crap', 'fuck you', 'fuck you']",trap,crap,0.0,100.0
5557725,Where would you see this type of sign?,555772,other,one,"['ice rink', 'ice rink', 'ice rink', 'ice rink', 'road', 'road', 'ice skating rink', 'ice skating rink', 'gate', 'gate']",construction site,road,0.0,60.0
4902865,What appliance is in the background of this picture?,490286,other,two,"['microwave', 'microwave', 'microwave', 'microwave', 'microwave', 'microwave', 'microwave', 'microwave', 'toaster oven', 'toaster oven']",toaster,microwave,0.0,100.0
2002175,At what age do these animals stop depending on their mothers for survival?,200217,other,eight,"['1 year', '1 year', '1 year', '1 year', '6months', '6months', '4 months', '4 months', '8 weeks', '8 weeks']",2 years,1 year,0.0,100.0
5284585,What are the men in this picture called?,528458,other,four,"['jockeys', 'jockeys', 'jockeys', 'jockeys', 'jockeys', 'jockeys', 'jockey', 'jockey', 'jockey', 'jockey']",jockeys,jockey,0.0,100.0
72075,Can you guess to which part of body this dish is good?,7207,other,nine,"['eyes', 'eyes', 'eyes', 'eyes', 'brain', 'brain', 'digestion', 'digestion', 'skin', 'skin']",ear,eye,0.0,100.0
4251365,What day is being celebrated?,425136,other,seven,"['4th of july', '4th of july', '4th of july', '4th of july', '4th of july', '4th of july', 'fourth of july', 'fourth of july', 'independence day', 'independence day']",july 4th,independence day,0.0,60.0
1168615,Named after theodore roosevelt?,116861,other,other,"['teddy bear', 'teddy bear', 'teddy bear', 'teddy bear', 'rough riders', 'rough riders', 'rat terrier', 'rat terrier', 'teddy', 'teddy']",no,teddy bear,0.0,100.0
3164645,What is the complimentary color to the foliage?,316464,other,eight,"['blue', 'blue', 'blue', 'blue', 'yellow', 'yellow', 'red', 'red', 'purple', 'purple']",green,purple,0.0,60.0
4417365,How do we know one of these vehicles is driven by a professional driver that takes people where they want to go?,441736,other,one,"['taxi', 'taxi', 'taxi', 'taxi', ""it's yellow car"", ""it's yellow car"", 'yellow color and signs on side', 'yellow color and signs on side', ""because it's taxi"", ""because it's taxi""]",sign,taxi,0.0,100.0
2088675,What's needed to make this object move?,208867,other,one,"['wind', 'wind', 'wind', 'wind', 'wind', 'wind', 'wind', 'wind', 'wind', 'wind']",motor,wind,0.0,100.0
356725,What breed is this dog?,35672,other,eight,"['husky', 'husky', 'husky', 'husky', 'australian shepperd', 'australian shepperd', 'lab', 'lab', 'rotwiler', 'rotwiler']",german shepherd,husky,0.0,100.0
2935375,What emotion is this man expressing?,293537,other,seven,"['anger', 'anger', 'anger', 'anger', 'anger', 'anger', 'rage', 'rage', 'rage', 'rage']",excitement,anger,0.0,100.0
2509395,What is the event associated with this type of bike?,250939,other,one,"['motocross', 'motocross', 'motocross', 'motocross', 'dirt bike riding', 'dirt bike riding', 'dirt bike race', 'dirt bike race', 'dirt biking', 'dirt biking']",race,motocross,0.0,100.0
2326275,Name the dish that can be prepared using this ingredients?,232627,other,five,"['stir fry', 'stir fry', 'stir fry', 'stir fry', 'steamed broccoli', 'steamed broccoli', 'beef and broccoli', 'beef and broccoli', 'stir fry rice', 'stir fry rice']",stew,stir fry,0.0,100.0
1485085,This technique of red against a sea of black and white was famously used in what movie about the holocaust?,148508,other,other,"[""schindler's list"", ""schindler's list"", ""schindler's list"", ""schindler's list"", ""schindler's list"", ""schindler's list"", ""sophie's choice"", ""sophie's choice"", 'schindlers list', 'schindlers list']",schindler list,schindler's list,0.0,100.0
957705,Where can the brand be purchased?,95770,other,four,"['store', 'store', 'store', 'store', 'zumiez', 'zumiez', 'skate shop', 'skate shop', 'anywhere', 'anywhere']",online,store,0.0,100.0
4832665,What is this style of house called?,483266,other,three,"['2 story', '2 story', '2 story', '2 story', '2 story', '2 story', 'victorian', 'victorian', 'farmhouse', 'farmhouse']",colonial,victorian,0.0,60.0
5113415,In the united states of america which publich transportation are usually the color shown on that ca?,511341,other,seven,"['police', 'police', 'yellow', 'yellow', 'taxis', 'taxis', 'taxicabs', 'taxicabs', 'taxi', 'taxi']",bus,yellow,0.0,60.0
1754695,What is the source of power for these boats?,175469,other,one,"['steam', 'steam', 'steam', 'steam', 'diesel', 'diesel', 'electricity', 'electricity', 'motor', 'motor']",engine,motor,0.0,60.0
2243685,What kind of trees are these?,224368,other,eight,"['pine trees', 'pine trees', 'pine trees', 'pine trees', 'pine', 'pine', 'aspen', 'aspen', 'deciduous', 'deciduous']",oak,pine,0.0,60.0
1977745,Why is this place so dark?,197774,other,ten,"['sunset', 'sunset', 'sunset', 'sunset', 'itâ€™s dusk', 'itâ€™s dusk', 'dusk', 'dusk', ""it's dusk"", ""it's dusk""]",night,dusk,0.0,60.0
5136155,What type of airplane is this?,513615,other,one,"['jet', 'jet', 'jet', 'jet', 'jet', 'jet', 'f116', 'f116', 'fighter', 'fighter']",fighter jet,jet,0.0,100.0
1621895,What kind of baseball play is this called?,162189,other,four,"['bunt', 'bunt', 'bunt', 'bunt', 'bunt', 'bunt', 'bunt', 'bunt', 'bunting', 'bunting']",bat,bunt,0.0,100.0
5651865,What is the most common item transported in this type of vehicle?,565186,other,one,"['logs', 'logs', 'logs', 'logs', 'logs', 'logs', 'lumber', 'lumber', 'trees', 'trees']",logs,log,0.0,100.0
2801845,What is the name of the trick being performed?,280184,other,four,"['rail slide', 'rail slide', 'slide', 'slide', 'grinding', 'grinding', 'board slide', 'board slide', 'grind', 'grind']",ollie,grind,0.0,100.0
4715625,The tower is made of what material?,471562,other,three,"['concrete', 'concrete', 'concrete', 'concrete', 'concrete', 'concrete', 'concrete', 'concrete', 'stone', 'stone']",metal,concrete,0.0,100.0
892735,What bodily organs benefit from one of the items shown?,89273,other,five,"['bladder', 'bladder', 'bladder', 'bladder', 'bladder', 'bladder', 'heart', 'heart', 'stomach', 'stomach']",liver,heart,0.0,60.0
2611155,What style of bathtub is that?,261115,other,three,"['round', 'round', 'round', 'round', 'modern', 'modern', 'soak', 'soak', 'clawfoot', 'clawfoot']",freestanding,clawfoot,0.0,60.0
2668315,What kind of lens distorts the picture in this way?,266831,other,nine,"['fisheye', 'fisheye', 'fisheye', 'fisheye', 'fish eye lens', 'fish eye lens', 'concave', 'concave', 'convex', 'convex']",fish eye,fisheye,0.0,100.0
3644135,What is the main purpose of the item hanging on the wall?,364413,other,three,"['decoration', 'decoration', 'decoration', 'decoration', 'look at yourself', 'look at yourself', 'mirror', 'mirror', 'mirroring', 'mirroring']",reflection,mirror,0.0,100.0
2361625,Batman's main female villain surround herself with these?,236162,other,eight,"['cats', 'cats', 'cats', 'cats', 'cats', 'cats', 'cats', 'cats', 'catwoman', 'catwoman']",cats,cat,0.0,100.0
1160375,Which country describes this sport as its national sport?,116037,other,four,"['united states', 'united states', 'united states', 'united states', 'united states', 'united states', 'usa', 'usa', 'america', 'america']",japan,america,0.0,60.0
3471795,The grazing animals in this photo are part of what genus?,347179,other,eight,"['sheep', 'sheep', 'sheep', 'sheep', 'bovine', 'bovine', 'equus', 'equus', 'deer', 'deer']",ovine,sheep,0.0,100.0
3850985,What would you describe the place depicted in the image?,385098,other,seven,"['market', 'market', 'market', 'market', 'market', 'market', 'busy', 'busy', 'marketplace', 'marketplace']",airport,market,0.0,100.0
943765,What is this dog laying on?,94376,other,eight,"['bed', 'bed', 'bed', 'bed', 'dogbed', 'dogbed', 'stuffed turtle', 'stuffed turtle', 'turtle', 'turtle']",pillow,turtle,0.0,60.0
1114345,What type of event is happening?,111434,other,five,"['party', 'party', 'party', 'party', 'party', 'party', 'dessert', 'dessert', 'cake testing', 'cake testing']",birthday,party,0.0,100.0
4134325,What will he hit with this implement?,413432,other,seven,"['tennis ball', 'tennis ball', 'tennis ball', 'tennis ball', 'tennis ball', 'tennis ball', 'tennis ball', 'tennis ball', 'tennis ball', 'tennis ball']",ball,tennis ball,0.0,100.0
4643595,What kind of white clothing are they wearing?,464359,other,three,"['t shirts', 't shirts', 't shirts', 't shirts', 't shirts', 't shirts', 'shirts', 'shirts', 'tshirts', 'tshirts']",t shirts,t shirt,0.0,100.0
2055945,How big is the field this sports is played on?,205594,other,four,"['100 yards', '100 yards', '100 yards', '100 yards', '110 120 yards', '110 120 yards', '70 yards', '70 yards', '120 yards long', '120 yards long']",small,100 yards,0.0,100.0
5152665,What kind of truck is this?,515266,other,one,"['pickup', 'pickup', 'pickup', 'pickup', 'king cab', 'king cab', 'pickup truck', 'pickup truck', 'lincoln', 'lincoln']",ford,pickup,0.0,100.0
5299395,The man in the photo is walking toward what types of boards in the photo?,529939,other,four,"['surf', 'surf', 'surf', 'surf', 'canoe', 'canoe', 'surfboards', 'surfboards', 'surfing', 'surfing']",surfboards,surf,0.0,100.0
5381755,Where do you buy this kind of furniture?,538175,other,other,"['furniture store', 'furniture store', 'furniture store', 'furniture store', 'ikea', 'ikea', 'ikea', 'ikea', 'store', 'store']",walmart,store,0.0,60.0
5290045,What kind of cow is that?,529004,other,eight,"['dairy', 'dairy', 'dairy', 'dairy', 'jersey cattle', 'jersey cattle', 'standard cow', 'standard cow', 'beef', 'beef']",bull,dairy,0.0,100.0
3922125,What type of elephant is in this photo?,392212,other,eight,"['asian', 'asian', 'asian', 'asian', 'elephant', 'elephant', 'burmese', 'burmese', 'borneo', 'borneo']",african,asian,0.0,100.0
2692535,What is this building made from?,269253,other,other,"['stucco', 'stucco', 'stucco', 'stucco', 'concrete', 'concrete', 'concrete', 'concrete', 'brick', 'brick']",wood,concrete,0.0,100.0
317455,Name the family or the bread of dog shown in this picture?,31745,other,eight,"['spaniel', 'spaniel', 'spaniel', 'spaniel', 'cocker spaniel', 'cocker spaniel', 'cocker spaniel', 'cocker spaniel', 'poodle', 'poodle']",canine,cocker spaniel,0.0,100.0
2721365,What era is this plane from?,272136,other,one,"['ww2', 'ww2', 'ww2', 'ww2', ""1940's"", ""1940's"", 'wwii', 'wwii', '1940', '1940']",world war ii,ww2,0.0,100.0
2865245,What us state is famous for growing these fruits?,286524,other,five,"['florida', 'florida', 'florida', 'florida', 'florida', 'florida', 'florida', 'florida', 'florida', 'florida']",california,florida,0.0,100.0
3880095,What is another color that this animal is often found in?,388009,other,eight,"['black', 'black', 'black', 'black', 'black', 'black', 'grey', 'grey', 'orange', 'orange']",white,orange,0.0,60.0
203075,Is this bicycle for males or females?,20307,other,one,"['females', 'females', 'females', 'females', 'females', 'females', 'females', 'females', 'both', 'both']",females,female,0.0,100.0
4468355,What company manufactured the camera seen here?,446835,other,two,"['canon', 'canon', 'canon', 'canon', 'kodak', 'kodak', 'sony', 'sony', 'nikon', 'nikon']",apple,sony,0.0,60.0
3095305,What sort of geometry sounds like the vehicle shown here?,309530,other,one,"['plane', 'plane', 'plane', 'plane', 'plane', 'plane', 'airplane', 'airplane', 'descending', 'descending']",triangular,plane,0.0,100.0
1634795,Where were the items being carried into the water invented?,163479,other,four,"['hawaii', 'hawaii', 'hawaii', 'hawaii', 'polyneisa', 'polyneisa', 'samoa', 'samoa', 'america', 'america']",england,hawaii,0.0,100.0
5507075,Is this a homemade cake or bought in a store?,550707,other,five,"['homemade', 'homemade', 'homemade', 'homemade', 'homemade', 'homemade', 'store', 'store', 'store', 'store']",bought,homemade,0.0,100.0
2241115,What types of clouds are forming in the sky?,224111,other,ten,"['cumulus', 'cumulus', 'cumulus', 'cumulus', 'rain', 'rain', 'storm', 'storm', 'stratus', 'stratus']",cirrus,cumulus,0.0,100.0
1155715,What are the trees in the backhround called?,115571,other,eight,"['palm', 'palm', 'palm', 'palm', 'palm', 'palm', 'palm', 'palm', 'palm', 'palm']",palm tree,palm,0.0,100.0
880925,When was the first game of this created?,88092,other,seven,"['2006', '2006', '2006', '2006', '1900', '1900', '19s', '19s', '1999', '1999']",1972,2006,0.0,100.0
4139485,Name the material used to make this skating board shown in this picture?,413948,other,four,"['fiberglass', 'fiberglass', 'fiberglass', 'fiberglass', 'fiberglass', 'fiberglass', 'fiberglass', 'fiberglass', 'plastic', 'plastic']",metal,plastic,0.0,60.0
245665,What kind of bus is there?,24566,other,one,"['school bus', 'school bus', 'school bus', 'school bus', 'school bus', 'school bus', 'school', 'school', 'school', 'school']",old,school bus,0.0,100.0
4369925,What type of natural structure is off to the right?,436992,other,one,"['mountain', 'mountain', 'mountain', 'mountain', 'mountain', 'mountain', 'mountain', 'mountain', 'island', 'island']",cliff,mountain,0.0,100.0
5200125,Which food item here is not high carb?,520012,other,five,"['cucumber', 'cucumber', 'cucumber', 'cucumber', 'cucumber', 'cucumber', 'cucumber', 'cucumber', 'eggs and bacon', 'eggs and bacon']",pancakes,cucumber,0.0,100.0
1254055,What kind of dogs are these?,125405,other,eight,"['collie and beagle', 'collie and beagle', 'mutts', 'mutts', 'collies', 'collies', 'collie', 'collie', 'small', 'small']",border collie,mutt,0.0,60.0
186875,What landmark is in the photo?,18687,other,other,"['tower', 'tower', 'tower', 'tower', 'church tower', 'church tower', 'big ben tower', 'big ben tower', 'park', 'park']",church,tower,0.0,100.0
5075515,What type of league is this?,507551,other,four,"['little league', 'little league', 'little league', 'little league', 'little leauge', 'little leauge', 'junior', 'junior', 'little', 'little']",baseball,little league,0.0,100.0
4436305,What type of fighter jet is this?,443630,other,one,"['air force', 'air force', 'air force', 'air force', 'f 5', 'f 5', 'military', 'military', 'f 16', 'f 16']",stealth,military,0.0,60.0
4146985,Where did this man learn to play tennis?,414698,other,four,"['school', 'school', 'school', 'school', 'college', 'college', 'coach', 'coach', 'at school', 'at school']",at home,school,0.0,100.0
960015,What popular pbs television show might display items like these?,96001,other,other,"['antique roadshow', 'antique roadshow', 'antique roadshow', 'antique roadshow', 'antiques roadshow', 'antiques roadshow', 'antiques road show', 'antiques road show', 'auction', 'auction']",sesame street,antique roadshow,0.0,100.0
4347005,Name the material from which this bat is made of?,434700,other,four,"['metal', 'metal', 'metal', 'metal', 'wood and nylon', 'wood and nylon', 'wood', 'wood', 'carbon fiber composite', 'carbon fiber composite']",leather,wood,0.0,60.0
5155405,What drink is in this persons hand?,515540,other,four,"['soda', 'soda', 'soda', 'soda', 'vitamin water', 'vitamin water', 'vitamin water', 'vitamin water', 'energy drink', 'energy drink']",coke,soda,0.0,100.0
1178365,Name the green leaf in this plate?,117836,other,five,"['basil', 'basil', 'basil', 'basil', 'sprouts', 'sprouts', 'spinach', 'spinach', 'cilantro', 'cilantro']",arugula,spinach,0.0,60.0
352105,What is this made with?,35210,other,five,"['flour', 'flour', 'flour', 'flour', 'oatmeal flour bran baking powder sugar', 'oatmeal flour bran baking powder sugar', 'bran', 'bran', 'cupcake batter', 'cupcake batter']",muffin,flour,0.0,100.0
3824435,What is the purpose of the cage in the back?,382443,other,eight,"['transport', 'transport', 'transport', 'transport', 'carrier', 'carrier', 'crate', 'crate', 'travel', 'travel']",pet,travel,0.0,60.0
3861875,Can you guess which kind of glass is shown by the lady in this picture?,386187,other,other,"['wine', 'wine', 'wine', 'wine', 'wine', 'wine', 'champagne', 'champagne', 'tulip', 'tulip']",wine glass,wine,0.0,100.0
2990675,What type of room is this?,299067,other,seven,"['living room', 'living room', 'living room', 'living room', 'living room', 'living room', 'living', 'living', 'living', 'living']",living room,live,0.0,100.0
823675,What year did this invention first start appearing in the average person's home?,82367,other,other,"['1950', '1950', '1950', '1950', '1947', '1947', '1910', '1910', '1850', '1850']",1920,1950,0.0,100.0
5591135,Why would you ride on one of these vehicles?,559113,other,one,"['touring', 'touring', 'transport', 'transport', 'tour', 'tour', 'to go someplace', 'to go someplace', 'go home', 'go home']",transportation,tour,0.0,100.0
3119645,How long do people usually spend doing this activity?,311964,other,other,"['hours', 'hours', 'hours', 'hours', '4 hours', '4 hours', '1 2 hour', '1 2 hour', '2 hours', '2 hours']",5 minutes,hour,0.0,100.0
1704425,What pattern is the bedcover?,170442,other,seven,"['geometric', 'geometric', 'geometric', 'geometric', 'wave', 'wave', 'diamond', 'diamond', 'triangle', 'triangle']",diamonds,triangle,0.0,60.0
2733215,What is the maximum number of people that can participate in this game?,273321,other,four,"['2', '2', '2', '2', '2', '2', '2', '2', '11', '11']",4,2,0.0,100.0
1054265,What time of the day is it?,105426,other,other,"['morning', 'morning', 'morning', 'morning', 'morning', 'morning', 'morning', 'morning', 'afternoon', 'afternoon']",morning,afternoon,0.0,60.0
932975,What is this used for?,93297,other,three,"['warmth', 'warmth', 'to cover up when cold', 'to cover up when cold', 'cat', 'cat', 'cats', 'cats', 'animals', 'animals']",sleep,cat,0.0,100.0
2756955,What would you find in this room?,275695,other,seven,"['food', 'food', 'food', 'food', 'food', 'food', 'food', 'food', 'food', 'food']",kitchen,food,0.0,100.0
1404655,Why is leather a popular option for those that ride on this type of vehicle?,140465,other,other,"['protection', 'protection', 'protection', 'protection', 'acts as wind breaker', 'acts as wind breaker', 'safety', 'safety', 'protection from wind', 'protection from wind']",durable,protection,0.0,100.0
601775,What is the complimentary color to the bike?,60177,other,one,"['red', 'red', 'red', 'red', 'purple', 'purple', 'blue', 'blue', 'green', 'green']",yellow,blue,0.0,60.0
1147105,What species of sheep is this person taking a photo with?,114710,other,eight,"['white', 'white', 'white', 'white', 'sheep', 'sheep', 'goat', 'goat', 'icelandic', 'icelandic']",domestic,sheep,0.0,60.0
2541695,What type of laptop is this?,254169,other,two,"['dell', 'dell', 'dell', 'dell', 'dell', 'dell', 'lenovo', 'lenovo', 'mac', 'mac']",apple,dell,0.0,100.0
4734275,What is the green fruit in this photo?,473427,other,five,"['banana', 'banana', 'banana', 'banana', 'banana', 'banana', 'banana', 'banana', 'plantains', 'plantains']",bananas,banana,0.0,100.0
861685,Where would you expect this animal to defecate?,86168,other,eight,"['litter box', 'litter box', 'litter box', 'litter box', 'litterbox', 'litterbox', 'box', 'box', 'outside house', 'outside house']",outside,litter box,0.0,100.0
247555,In what sport are these athletes competing?,24755,other,four,"['cross country skiing', 'cross country skiing', 'cross country skiing', 'cross country skiing', 'cross country skiing', 'cross country skiing', 'skiing', 'skiing', 'ice skating', 'ice skating']",skiing,ski,0.0,60.0
4844345,Who is performing?,484434,other,seven,"['band', 'band', 'band', 'band', 'live band', 'live band', 'musician', 'musician', 'singer', 'singer']",people,band,0.0,100.0
3648845,What event is this called?,364884,other,four,"['snowboarding', 'snowboarding', 'snowboarding', 'snowboarding', 'olympics', 'olympics', 'winter olympics snowboarding', 'winter olympics snowboarding', 'skiing', 'skiing']",skiing,snowboard,0.0,100.0
702945,Who rides this type of transportation?,70294,other,one,"['commuters', 'commuters', 'commuters', 'commuters', 'travelers', 'travelers', 'people', 'people', 'regular people', 'regular people']",tourist,people,0.0,60.0
3354275,What is in the bowl with the broccoli?,335427,other,five,"['cheese sauce', 'cheese sauce', 'cheese sauce', 'cheese sauce', 'cheese sauce', 'cheese sauce', 'soup', 'soup', 'cheese soup', 'cheese soup']",sauce,soup,0.0,60.0
765185,In which room of the house is this table likely to be located?,76518,other,five,"['kitchen', 'kitchen', 'kitchen', 'kitchen', 'kitchen', 'kitchen', 'kitchen', 'kitchen', 'dining', 'dining']",dining room,kitchen,0.0,100.0
562445,What type of restaurant cn you usually find this type of food?,56244,other,five,"['pizza', 'pizza', 'pizza', 'pizza', 'breakfast', 'breakfast', 'pizzaria', 'pizzaria', 'italian', 'italian']",pizzeria,italian,0.0,60.0
2483415,How long does it take to make this food?,248341,other,five,"['30 minutes', '30 minutes', '30 minutes', '30 minutes', '45', '45', '5 hours', '5 hours', '1 hour', '1 hour']",2 hours,30 minutes,0.0,100.0
255515,Bring out the dead featured this vehicle?,25551,other,one,"['ambulance', 'ambulance', 'ambulance', 'ambulance', 'ambulance', 'ambulance', 'van', 'van', 'hearse', 'hearse']",yes,ambulance,0.0,100.0
3791045,What is the purpose of keeping these animals?,379104,other,eight,"['milk', 'milk', 'milk', 'milk', 'farming', 'farming', 'wool', 'wool', 'for beef', 'for beef']",food,milk,0.0,100.0
2556625,What breed of horse is that?,255662,other,eight,"['quarter', 'quarter', 'quarter', 'quarter', 'palimino', 'palimino', 'arabian', 'arabian', 'palomino', 'palomino']",stallion,arabian,0.0,60.0
5117135,Which airplane is moving faster?,511713,other,one,"['top', 'top', 'top', 'top', 'top 1', 'top 1', 'left', 'left', 'jet', 'jet']",right,left,0.0,60.0
2472855,What is the pattern called that is printed on the umbrella?,247285,other,three,"['stripes', 'stripes', 'stripes', 'stripes', 'stripes', 'stripes', 'stripes', 'stripes', 'striped', 'striped']",stripes,striped,0.0,60.0
997075,What difficulty is the ski run?,99707,other,four,"['black diamond', 'black diamond', 'black diamond', 'black diamond', 'expert', 'expert', 'superstar', 'superstar', 'superstar very difficult', 'superstar very difficult']",easy,superstar,0.0,60.0
5150255,How many breeds of this animal do we have?,515025,other,eight,"['50', '50', '50', '50', '58', '58', '58', '58', '1', '1']",many,1,0.0,60.0
2202245,What is this machine on the building used for?,220224,other,six,"['telling time', 'telling time', 'telling time', 'telling time', 'tell time', 'tell time', 'tell time', 'tell time', 'time telling', 'time telling']",time,tell time,0.0,100.0
4637835,What decade would you estimate this to have been taken in?,463783,other,seven,"['1950s', '1950s', '1950s', '1950s', ""1960's"", ""1960's"", ""1940's"", ""1940's"", ""1950's"", ""1950's""]",1950,1940's,0.0,60.0
2860215,Who would ride the train?,286021,other,one,"['conductor', 'conductor', 'conductor', 'conductor', 'engineer', 'engineer', 'passengers', 'passengers', 'people', 'people']",president,people,0.0,60.0
2587025,What style of architecture is pictured?,258702,other,other,"['gothic', 'gothic', 'gothic', 'gothic', 'modern', 'modern', 'victorian', 'victorian', 'baroque', 'baroque']",old,victorian,0.0,60.0
592015,If she is eating the pizza right side up estimate the calorie count of the pizza she is eating?,59201,other,five,"['500', '500', '500', '500', '1000', '1000', '175', '175', '400', '400']",300,500,0.0,100.0
5071675,What time is he brushing his teeth?,507167,other,seven,"['morning', 'morning', 'morning', 'morning', 'evening', 'evening', 'night', 'night', 'night time', 'night time']",morning,night,0.0,60.0
2184765,Who is the manufacturer of that motorcycle?,218476,other,one,"['ducati', 'ducati', 'ducati', 'ducati', 'caress', 'caress', 'suzuki', 'suzuki', 'kawasaki', 'kawasaki']",honda,kawasaki,0.0,60.0
1029475,What types of fabric are used to make window curtains?,102947,other,seven,"['cotton', 'cotton', 'cotton', 'cotton', 'taffeta', 'taffeta', 'chanile', 'chanile', 'tough', 'tough']",linen,cotton,0.0,100.0
923385,What company makes this car?,92338,other,two,"['ford', 'ford', 'ford', 'ford', 'vw', 'vw', 'volkswagen', 'volkswagen', 'audi', 'audi']",toyota,ford,0.0,100.0
3664995,How is this prepared?,366499,other,five,"['baked', 'baked', 'baked', 'baked', 'baked', 'baked', 'in oven', 'in oven', 'in oven', 'in oven']",oven,baked,0.0,100.0
2951385,What is this skateboard move called?,295138,other,four,"['grind', 'grind', 'grind', 'grind', 'grind', 'grind', 'rock to fakie', 'rock to fakie', 'ollie', 'ollie']",jump,ollie,0.0,60.0
3157905,What is the scientific name of the animal on the chair?,315790,other,other,"['cat', 'cat', 'cat', 'cat', 'cat', 'cat', 'felis catus', 'felis catus', 'catos', 'catos']",feline,cat,0.0,100.0
4568845,What is this bench made of?,456884,other,three,"['plastic', 'plastic', 'plastic', 'plastic', 'iron', 'iron', 'stone', 'stone', 'concrete', 'concrete']",wood,concrete,0.0,60.0
2819765,What vegetable is this food made from?,281976,other,five,"['cucumber', 'cucumber', 'cucumber', 'cucumber', 'cucumber', 'cucumber', 'cucumber', 'cucumber', 'cucumber', 'cucumber']",pickle,cucumber,0.0,100.0
597435,Name the material used to prepare this board shown in this picture?,59743,other,four,"['wax', 'wax', 'wax', 'wax', 'wax', 'wax', 'fiberglass', 'fiberglass', 'fiber glass', 'fiber glass']",polyurethane,fiberglass,0.0,60.0
1699365,How high can one of these fly?,169936,other,ten,"['20000 ft', '20000 ft', '20000 ft', '20000 ft', '51000 feet', '51000 feet', '40000 feet', '40000 feet', 'jet fuel', 'jet fuel']",30000 feet,40000 feet,0.0,60.0
1592625,What is in the barrels?,159262,other,one,"['oil', 'oil', 'oil', 'oil', 'toxic waste', 'toxic waste', 'chemicals', 'chemicals', 'water', 'water']",gasoline,oil,0.0,100.0
3903225,What kind of cat is this?,390322,other,eight,"['house cat', 'house cat', 'house cat', 'house cat', 'tabby', 'tabby', 'housecat', 'housecat', 'wild', 'wild']",siamese,tabby,0.0,60.0
995535,What is this vehicle used for?,99553,other,one,"['dumping', 'dumping', 'hauling', 'hauling', 'dump', 'dump', 'hauling equipment', 'hauling equipment', 'transport lumber', 'transport lumber']",transport,haul,0.0,60.0
376755,What country is this?,37675,other,eight,"['england', 'england', 'england', 'england', 'sweden', 'sweden', 'ireland', 'ireland', 'austria', 'austria']",germany,england,0.0,100.0
460115,How many passengers will this plane transport?,46011,other,one,"['6', '6', '6', '6', '10', '10', '30', '30', '20', '20']",4,10,0.0,60.0
5061375,What activity are these tools used for?,506137,other,other,"['cooking', 'cooking', 'cooking', 'cooking', 'cooking', 'cooking', 'cooking', 'cooking', 'cooking', 'cooking']",cooking,cook,0.0,100.0
2764135,Who is this cake for?,276413,other,three,"['30 year old', '30 year old', '30 year old', '30 year old', '30 year old', '30 year old', '30 year old person', '30 year old person', 'child', 'child']",birthday,child,0.0,60.0
1491975,What profession is permitted to sentence people to this location?,149197,other,seven,"['judge', 'judge', 'judge', 'judge', 'judge', 'judge', 'judge', 'judge', 'police', 'police']",murderer,judge,0.0,100.0
1194765,What item indicates that the speaker is not a culinary expert?,119476,other,other,"['tie', 'tie', 'tie', 'tie', 'slide', 'slide', 'suit', 'suit', 'projector', 'projector']",microphone,projector,0.0,60.0
5059335,Why do we suspect this is a poor tanning day?,505933,other,seven,"['cloudy', 'cloudy', 'cloudy', 'cloudy', 'too cloudy', 'too cloudy', 'it is cloudy', 'it is cloudy', 'cloudy in winter', 'cloudy in winter']",no sun,cloudy,0.0,100.0
5167505,In what sport do people use the items pictured here?,516750,other,four,"['kayaking', 'kayaking', 'kayaking', 'kayaking', 'kayaking', 'kayaking', 'conoeing', 'conoeing', 'kayak', 'kayak']",canoe,kayak,0.0,100.0
3678765,What birds are these?,367876,other,eight,"['gulls', 'gulls', 'gulls', 'gulls', 'seagulls', 'seagulls', 'pelicans', 'pelicans', 'grey birds', 'grey birds']",seagulls,seagull,0.0,60.0
2767195,What might be their hobby?,276719,other,seven,"['cars', 'cars', 'cars', 'cars', 'memberships', 'memberships', 'classic cars', 'classic cars', 'autos', 'autos']",cars,car,0.0,100.0
2788905,Name the type of dress material the person is wearing in this picture?,278890,other,three,"['cotton', 'cotton', 'cotton', 'cotton', 'cotton', 'cotton', 'polyester', 'polyester', 'polyester', 'polyester']",denim,cotton,0.0,100.0
4747115,What is the traditional name for this kind of structure?,474711,other,other,"['fence', 'fence', 'fence', 'fence', 'fence', 'fence', 'fence', 'fence', 'log cabin', 'log cabin']",cabin,fence,0.0,100.0
2804135,Where would you find this sign?,280413,other,one,"['city', 'city', 'city', 'city', 'city', 'city', 'downtown', 'downtown', 'streets', 'streets']",beale,city,0.0,100.0
3211765,Why does the women use an umbrella?,321176,other,ten,"[""it's raining"", ""it's raining"", ""it's raining"", ""it's raining"", 'rain', 'rain', 'raining', 'raining', 'rainy', 'rainy']",it's raining,rain,0.0,100.0
5730725,Why is the rider leaning?,573072,other,one,"['to turn', 'to turn', 'to turn', 'to turn', 'turning', 'turning', 'turning', 'turning', 'curve', 'curve']",turning,to turn,0.0,100.0
996475,In this photo what nutritions is this dish rich in?,99647,other,five,"['protein', 'protein', 'protein', 'protein', 'iron', 'iron', 'fiber', 'fiber', 'vegetables', 'vegetables']",calcium,fiber,0.0,60.0
4572175,What species of elephant is this?,457217,other,eight,"['indian', 'indian', 'indian', 'indian', 'elephant', 'elephant', 'asian', 'asian', 'grey', 'grey']",african,asian,0.0,60.0
1275765,What breed of horse is this?,127576,other,eight,"['clydesdale', 'clydesdale', 'clydesdale', 'clydesdale', 'pony', 'pony', 'palomino', 'palomino', 'english', 'english']",mustang,pony,0.0,60.0
510285,The two colorful keyboard shaped objects are used for what?,51028,other,other,"['typing', 'typing', 'typing', 'typing', 'learning', 'learning', 'spelling words', 'spelling words', 'cards', 'cards']",play,type,0.0,100.0
5818295,What fruit is typically added to the top of cereal?,581829,other,five,"['banana', 'banana', 'banana', 'banana', 'banana', 'banana', 'strawberries', 'strawberries', 'blueberries', 'blueberries']",berry,banana,0.0,100.0
